<?xml version="1.0" encoding="UTF-8" ?>
<!DOCTYPE mapper
        PUBLIC "-//mybatis.org//DTD Mapper 3.0//EN"
        "http://mybatis.org/dtd/mybatis-3-mapper.dtd">
<mapper namespace="org.scoula.board.mapper.BoardMapper">
    <update id="update">
        update tbl_board set
            title = #{title},
            content = #{content},
            writer = #{writer},
            update_date = now()
        where no = #{no}
    </update>

    <delete id="delete">
        delete from tbl_board where no = #{no}
    </delete>

    <!--    getList오타내면 오류: Invalid bound statement-->
<!--    인터페이스의 메소드와 xml 매퍼의 구문하고 일치하는걸 못찾았다-->
<!--    1) MapperScan에 패키지 경로 등록안했을때-->
<!--    2) xml에서 namespace가 안 맞을 때-->
<!--    3) id가 안 맞았을 때-->
    <select id="getList" resultType="BoardVO">
<!--        <의 디폴트는 태그 연산자인데 <![을 사용해서 방지-->
<!--        CDATA는 xml의 규칙(Mybatis의 규칙이 아님)-->
        <![CDATA[
            select * from tbl_board
        ]]>
    </select>

    <select id="get" resultType="BoardVO">
-- #{no}: set parameter 명시하는 곳.
-- #{no}: 매개변수가 한개일 경우 이름은 중요하지 않음
        select * from tbl_board where no = #{no}
    </select>

    <insert id="create">
-- 1단계
        insert into tbl_board(title, content, writer)
        values (#{title}, #{content}, #{writer})

--         keyProperty="no": vo객체
-- keyColumn="no": 테이블의 컬럼이 뭔지
-- order="AFTER": insert 먼저 하고 호출
-- 2단계
        <selectKey resultType="Long" keyProperty="no" keyColumn="no" order="AFTER">
            SELECT LAST_INSERT_ID()
        </selectKey>
-- 3단계: setNo해서 값을 넣어라
    </insert>

</mapper>